{"cameraMode":{"drawMode":0,"name":"Shaded","section":"Shading Mode"},"sceneLighting":true,"audioPlay":false,"sceneViewState":{"m_AlwaysRefresh":false,"showFog":true,"showSkybox":true,"showFlares":true,"showImageEffects":true,"showParticleSystems":true,"showVisualEffectGraphs":true,"m_FxEnabled":true},"in2DMode":false,"pivot":{"x":-0.21999996900558473,"y":1.3393890857696534,"z":-11.260000228881836},"rotation":{"x":-0.12079022079706192,"y":-0.10930704325437546,"z":0.013280529528856278,"w":-0.9866258502006531},"size":1.529407262802124,"orthographic":false}